-- MySQL dump 10.13  Distrib 9.3.0, for Linux (x86_64)
--
-- Host: localhost    Database: invoice
-- ------------------------------------------------------
-- Server version	9.3.0

/*!40101 SET @OLD_CHARACTER_SET_CLIENT=@@CHARACTER_SET_CLIENT */;
/*!40101 SET @OLD_CHARACTER_SET_RESULTS=@@CHARACTER_SET_RESULTS */;
/*!40101 SET @OLD_COLLATION_CONNECTION=@@COLLATION_CONNECTION */;
/*!50503 SET NAMES utf8mb4 */;
/*!40103 SET @OLD_TIME_ZONE=@@TIME_ZONE */;
/*!40103 SET TIME_ZONE='+00:00' */;
/*!40014 SET @OLD_UNIQUE_CHECKS=@@UNIQUE_CHECKS, UNIQUE_CHECKS=0 */;
/*!40014 SET @OLD_FOREIGN_KEY_CHECKS=@@FOREIGN_KEY_CHECKS, FOREIGN_KEY_CHECKS=0 */;
/*!40101 SET @OLD_SQL_MODE=@@SQL_MODE, SQL_MODE='NO_AUTO_VALUE_ON_ZERO' */;
/*!40111 SET @OLD_SQL_NOTES=@@SQL_NOTES, SQL_NOTES=0 */;

--
-- Table structure for table `customers`
--

DROP TABLE IF EXISTS `customers`;
/*!40101 SET @saved_cs_client     = @@character_set_client */;
/*!50503 SET character_set_client = utf8mb4 */;
CREATE TABLE `customers` (
  `id` bigint unsigned NOT NULL AUTO_INCREMENT,
  `name` varchar(255) COLLATE utf8mb4_unicode_ci NOT NULL,
  `email` varchar(255) COLLATE utf8mb4_unicode_ci DEFAULT NULL,
  `phone` varchar(50) COLLATE utf8mb4_unicode_ci DEFAULT NULL,
  `address` text COLLATE utf8mb4_unicode_ci,
  `created_at` datetime(3) DEFAULT NULL,
  `updated_at` datetime(3) DEFAULT NULL,
  `deleted_at` datetime(3) DEFAULT NULL,
  PRIMARY KEY (`id`),
  UNIQUE KEY `idx_customers_email` (`email`),
  KEY `idx_customers_deleted_at` (`deleted_at`)
) ENGINE=InnoDB AUTO_INCREMENT=19 DEFAULT CHARSET=utf8mb4 COLLATE=utf8mb4_unicode_ci;
/*!40101 SET character_set_client = @saved_cs_client */;

--
-- Dumping data for table `customers`
--

LOCK TABLES `customers` WRITE;
/*!40000 ALTER TABLE `customers` DISABLE KEYS */;
INSERT INTO `customers` VALUES (1,'PT Arunika Digital','contact@arunika.id','081234567890','Jl. Merdeka No. 10, Jakarta Pusat, DKI Jakarta 10110','2025-10-31 19:05:41.728','2025-10-31 19:05:41.728',NULL),(2,'CV Kreativa Studio','hello@kreativa.co.id','082233445566','Jl. Melati No. 45, Bandung, Jawa Barat 40123','2025-10-31 19:05:41.728','2025-10-31 19:05:41.728',NULL),(3,'PT Teknologi Maju Bersama','info@teknomabar.com','021-55567890','Jl. Sudirman Kav. 52-53, Jakarta Selatan, DKI Jakarta 12190','2025-10-31 19:05:41.728','2025-10-31 19:05:41.728',NULL),(4,'CV Solusi Digital Indonesia','admin@soludigin.id','0274-123456','Jl. Malioboro No. 123, Yogyakarta, DIY 55213','2025-10-31 19:05:41.728','2025-10-31 19:05:41.728',NULL),(5,'PT Inovasi Berkah Teknologi','contact@inobertek.co.id','031-7654321','Jl. Basuki Rahmat No. 78, Surabaya, Jawa Timur 60271','2025-10-31 19:05:41.728','2025-10-31 19:05:41.728',NULL),(6,'UD Mandiri Sejahtera','mandiri.sejahtera@gmail.com','0361-987654','Jl. Sunset Road No. 99, Denpasar, Bali 80117','2025-10-31 19:05:41.728','2025-10-31 19:05:41.728',NULL),(7,'PT Digital Nusantara Solutions','info@diginus.com','024-8765432','Jl. Pemuda No. 150, Semarang, Jawa Tengah 50132','2025-10-31 19:05:41.728','2025-10-31 19:05:41.728',NULL),(8,'CV Media Kreatif Indonesia','hello@mediakreatif.id','0251-333444','Jl. Pajajaran No. 25, Bogor, Jawa Barat 16143','2025-10-31 19:05:41.728','2025-10-31 19:05:41.728',NULL),(9,'PT Quantum Digital Labs','labs@quantum.digital','022-5555666','Jl. Dago No. 88, Bandung, Jawa Barat 40135','2025-10-31 19:05:41.728','2025-10-31 19:05:41.728',NULL),(10,'Toko Elektronik Jaya Abadi','jayaabadi@elektronik.com','0411-234567','Jl. Ahmad Yani No. 200, Makassar, Sulawesi Selatan 90231','2025-10-31 19:05:41.728','2025-10-31 19:05:41.728',NULL),(11,'John Doe','johndoe@gmail.com','123-456-7890','123 Main St, Anytown, USA','2025-11-01 07:08:42.044','2025-11-01 07:08:42.044',NULL),(17,'yurina','yurina@gmail.com','123123123','Tokyo','2025-11-01 09:55:23.643','2025-11-01 09:55:23.643',NULL),(18,'fesfsfes','fsfsfsef@mail.com','31313131','fawfafawfaw','2025-11-01 13:18:22.616','2025-11-01 13:18:22.616',NULL);
/*!40000 ALTER TABLE `customers` ENABLE KEYS */;
UNLOCK TABLES;

--
-- Table structure for table `invoice_items`
--

DROP TABLE IF EXISTS `invoice_items`;
/*!40101 SET @saved_cs_client     = @@character_set_client */;
/*!50503 SET character_set_client = utf8mb4 */;
CREATE TABLE `invoice_items` (
  `id` bigint unsigned NOT NULL AUTO_INCREMENT,
  `invoice_id` bigint unsigned DEFAULT NULL,
  `item_id` bigint unsigned DEFAULT NULL,
  `quantity` bigint DEFAULT NULL,
  `price` decimal(12,2) DEFAULT NULL,
  `total_price` decimal(12,2) DEFAULT NULL,
  `created_at` datetime(3) DEFAULT NULL,
  `deleted_at` datetime(3) DEFAULT NULL,
  PRIMARY KEY (`id`),
  KEY `idx_invoice_items_deleted_at` (`deleted_at`),
  KEY `fk_invoices_items` (`invoice_id`),
  KEY `fk_items_invoice_items` (`item_id`),
  CONSTRAINT `fk_invoices_items` FOREIGN KEY (`invoice_id`) REFERENCES `invoices` (`id`) ON DELETE CASCADE,
  CONSTRAINT `fk_items_invoice_items` FOREIGN KEY (`item_id`) REFERENCES `items` (`id`)
) ENGINE=InnoDB AUTO_INCREMENT=207 DEFAULT CHARSET=utf8mb4 COLLATE=utf8mb4_unicode_ci;
/*!40101 SET character_set_client = @saved_cs_client */;

--
-- Dumping data for table `invoice_items`
--

LOCK TABLES `invoice_items` WRITE;
/*!40000 ALTER TABLE `invoice_items` DISABLE KEYS */;
INSERT INTO `invoice_items` VALUES (68,26,1,1,2250000.00,2250000.00,'2025-10-31 23:13:37.281',NULL),(69,26,2,1,2250000.00,2250000.00,'2025-10-31 23:13:37.281',NULL),(70,27,2,1,2500000.00,2500000.00,'2025-10-31 23:13:37.281',NULL),(71,27,3,1,2500000.00,2500000.00,'2025-10-31 23:13:37.281',NULL),(72,27,4,1,2500000.00,2500000.00,'2025-10-31 23:13:37.281',NULL),(73,28,3,1,3000000.00,3000000.00,'2025-10-31 23:13:37.281',NULL),(74,28,4,1,3000000.00,3000000.00,'2025-10-31 23:13:37.281',NULL),(75,28,5,1,3000000.00,3000000.00,'2025-10-31 23:13:37.281',NULL),(76,28,6,1,3000000.00,3000000.00,'2025-10-31 23:13:37.281',NULL),(77,29,4,1,3000000.00,3000000.00,'2025-10-31 23:13:37.281',NULL),(78,30,5,1,2750000.00,2750000.00,'2025-10-31 23:13:37.281',NULL),(79,30,6,1,2750000.00,2750000.00,'2025-10-31 23:13:37.281',NULL),(80,31,6,1,1400000.00,1400000.00,'2025-10-31 23:13:37.281',NULL),(81,31,7,1,1400000.00,1400000.00,'2025-10-31 23:13:37.281',NULL),(82,31,8,1,1400000.00,1400000.00,'2025-10-31 23:13:37.281',NULL),(83,32,7,1,3400000.00,3400000.00,'2025-10-31 23:13:37.281',NULL),(84,32,8,1,3400000.00,3400000.00,'2025-10-31 23:13:37.281',NULL),(85,33,8,1,2500000.00,2500000.00,'2025-10-31 23:13:37.281',NULL),(86,34,9,1,2733333.33,2733333.33,'2025-10-31 23:13:37.281',NULL),(87,34,10,1,2733333.33,2733333.33,'2025-10-31 23:13:37.281',NULL),(88,34,11,1,2733333.33,2733333.33,'2025-10-31 23:13:37.281',NULL),(89,35,10,1,4750000.00,4750000.00,'2025-10-31 23:13:37.281',NULL),(90,35,11,1,4750000.00,4750000.00,'2025-10-31 23:13:37.281',NULL),(91,36,11,1,2800000.00,2800000.00,'2025-10-31 23:13:37.281',NULL),(92,36,12,1,2800000.00,2800000.00,'2025-10-31 23:13:37.281',NULL),(93,36,13,1,2800000.00,2800000.00,'2025-10-31 23:13:37.281',NULL),(94,36,14,1,2800000.00,2800000.00,'2025-10-31 23:13:37.281',NULL),(95,37,12,1,3350000.00,3350000.00,'2025-10-31 23:13:37.281',NULL),(96,37,13,1,3350000.00,3350000.00,'2025-10-31 23:13:37.281',NULL),(97,38,13,1,2966666.67,2966666.67,'2025-10-31 23:13:37.281',NULL),(98,38,14,1,2966666.67,2966666.67,'2025-10-31 23:13:37.281',NULL),(99,38,15,1,2966666.67,2966666.67,'2025-10-31 23:13:37.281',NULL),(100,39,14,1,7500000.00,7500000.00,'2025-10-31 23:13:37.281',NULL),(101,39,15,1,7500000.00,7500000.00,'2025-10-31 23:13:37.281',NULL),(102,40,15,1,4400000.00,4400000.00,'2025-10-31 23:13:37.281',NULL),(103,40,16,1,4400000.00,4400000.00,'2025-10-31 23:13:37.281',NULL),(104,40,17,1,4400000.00,4400000.00,'2025-10-31 23:13:37.281',NULL),(105,40,18,1,4400000.00,4400000.00,'2025-10-31 23:13:37.281',NULL),(106,40,19,1,4400000.00,4400000.00,'2025-10-31 23:13:37.281',NULL),(107,41,16,1,6166666.67,6166666.67,'2025-10-31 23:13:37.281',NULL),(108,41,17,1,6166666.67,6166666.67,'2025-10-31 23:13:37.281',NULL),(109,41,18,1,6166666.67,6166666.67,'2025-10-31 23:13:37.281',NULL),(110,42,17,1,3450000.00,3450000.00,'2025-10-31 23:13:37.281',NULL),(111,42,18,1,3450000.00,3450000.00,'2025-10-31 23:13:37.281',NULL),(112,42,19,1,3450000.00,3450000.00,'2025-10-31 23:13:37.281',NULL),(113,42,20,1,3450000.00,3450000.00,'2025-10-31 23:13:37.281',NULL),(114,43,18,1,3500000.00,3500000.00,'2025-10-31 23:13:37.281',NULL),(115,43,19,1,3500000.00,3500000.00,'2025-10-31 23:13:37.281',NULL),(116,43,20,1,3500000.00,3500000.00,'2025-10-31 23:13:37.281',NULL),(117,44,19,1,2400000.00,2400000.00,'2025-10-31 23:13:37.281',NULL),(118,44,20,1,2400000.00,2400000.00,'2025-10-31 23:13:37.281',NULL),(119,45,20,1,1800000.00,1800000.00,'2025-10-31 23:13:37.281',NULL),(120,45,1,1,1800000.00,1800000.00,'2025-10-31 23:13:37.281',NULL),(121,46,1,1,2400000.00,2400000.00,'2025-10-31 23:13:37.281',NULL),(122,46,2,1,2400000.00,2400000.00,'2025-10-31 23:13:37.281',NULL),(123,46,3,1,2400000.00,2400000.00,'2025-10-31 23:13:37.281',NULL),(124,47,2,1,2900000.00,2900000.00,'2025-10-31 23:13:37.281',NULL),(125,47,3,1,2900000.00,2900000.00,'2025-10-31 23:13:37.281',NULL),(126,48,3,1,4200000.00,4200000.00,'2025-10-31 23:13:37.281',NULL),(127,48,4,1,4200000.00,4200000.00,'2025-10-31 23:13:37.281',NULL),(128,48,5,1,4200000.00,4200000.00,'2025-10-31 23:13:37.281',NULL),(129,48,6,1,4200000.00,4200000.00,'2025-10-31 23:13:37.281',NULL),(130,49,4,1,3066666.67,3066666.67,'2025-10-31 23:13:37.281',NULL),(131,49,5,1,3066666.67,3066666.67,'2025-10-31 23:13:37.281',NULL),(132,49,6,1,3066666.67,3066666.67,'2025-10-31 23:13:37.281',NULL),(133,50,5,1,2200000.00,2200000.00,'2025-10-31 23:13:37.281',NULL),(134,50,6,1,2200000.00,2200000.00,'2025-10-31 23:13:37.281',NULL),(135,51,1,3,2000000.00,6000000.00,'2025-10-31 23:14:21.395',NULL),(136,51,2,5,3000000.00,15000000.00,'2025-10-31 23:14:21.395',NULL),(137,52,1,3,2000000.00,6000000.00,'2025-10-31 23:15:06.436',NULL),(138,52,2,5,3000000.00,15000000.00,'2025-10-31 23:15:06.436',NULL),(139,51,6,1,10500000.00,10500000.00,'2025-10-31 23:22:26.095',NULL),(140,51,7,1,10500000.00,10500000.00,'2025-10-31 23:22:26.095',NULL),(141,52,7,1,10500000.00,10500000.00,'2025-10-31 23:22:26.095',NULL),(142,52,8,1,10500000.00,10500000.00,'2025-10-31 23:22:26.095',NULL),(143,53,3,2,10.00,20.00,'2025-10-31 23:26:11.638',NULL),(144,53,4,2,20.00,40.00,'2025-10-31 23:26:11.638',NULL),(145,54,1,1,50.00,50.00,'2025-10-31 23:50:26.263',NULL),(146,54,3,1,5.00,5.00,'2025-10-31 23:50:26.263',NULL),(147,54,2,1,5.00,5.00,'2025-10-31 23:50:26.263',NULL),(148,53,8,1,30.00,30.00,'2025-11-01 01:16:29.854',NULL),(149,53,9,1,30.00,30.00,'2025-11-01 01:16:29.854',NULL),(150,54,9,1,20.00,20.00,'2025-11-01 01:16:29.854',NULL),(151,54,10,1,20.00,20.00,'2025-11-01 01:16:29.854',NULL),(152,54,11,1,20.00,20.00,'2025-11-01 01:16:29.854',NULL),(153,55,1,2,5006.00,10012.00,'2025-11-01 07:35:00.394',NULL),(154,55,2,1,3002.00,3002.00,'2025-11-01 07:35:00.394',NULL),(155,56,4,1,5.00,5.00,'2025-11-01 07:56:27.338',NULL),(156,57,4,1,500.00,500.00,'2025-11-01 07:59:10.355',NULL),(157,57,3,1,5000.00,5000.00,'2025-11-01 07:59:10.355',NULL),(158,57,2,1,21.00,21.00,'2025-11-01 07:59:10.355',NULL),(159,58,2,1,55.00,55.00,'2025-11-01 08:23:18.650',NULL),(160,58,3,1,5.00,5.00,'2025-11-01 08:23:18.650',NULL),(161,58,4,1,5.00,5.00,'2025-11-01 08:23:18.650',NULL),(162,55,10,1,6507.00,6507.00,'2025-11-01 08:27:21.331',NULL),(163,55,11,1,6507.00,6507.00,'2025-11-01 08:27:21.331',NULL),(164,56,11,1,5.00,5.00,'2025-11-01 08:27:21.331',NULL),(165,57,12,1,1840.33,1840.33,'2025-11-01 08:27:21.331',NULL),(166,57,13,1,1840.33,1840.33,'2025-11-01 08:27:21.331',NULL),(167,57,14,1,1840.33,1840.33,'2025-11-01 08:27:21.331',NULL),(168,58,13,1,21.67,21.67,'2025-11-01 08:27:21.331',NULL),(169,58,14,1,21.67,21.67,'2025-11-01 08:27:21.331',NULL),(170,58,15,1,21.67,21.67,'2025-11-01 08:27:21.331',NULL),(171,59,4,1,6.01,6.01,'2025-11-01 09:55:46.911',NULL),(172,59,3,1,6.01,6.01,'2025-11-01 09:55:46.911',NULL),(173,59,14,1,6.01,6.01,'2025-11-01 10:09:40.122',NULL),(174,59,15,1,6.01,6.01,'2025-11-01 10:09:40.122',NULL),(175,45,21,1,1800000.00,1800000.00,'2025-11-01 10:49:54.758',NULL),(176,46,21,1,2400000.00,2400000.00,'2025-11-01 10:49:54.758',NULL),(177,46,22,1,2400000.00,2400000.00,'2025-11-01 10:49:54.758',NULL),(178,47,22,1,2900000.00,2900000.00,'2025-11-01 10:49:54.758',NULL),(179,47,1,1,2900000.00,2900000.00,'2025-11-01 10:49:54.758',NULL),(180,48,1,1,4200000.00,4200000.00,'2025-11-01 10:49:54.758',NULL),(181,48,2,1,4200000.00,4200000.00,'2025-11-01 10:49:54.758',NULL),(182,49,2,1,3066666.67,3066666.67,'2025-11-01 10:49:54.758',NULL),(183,49,3,1,3066666.67,3066666.67,'2025-11-01 10:49:54.758',NULL),(184,50,3,1,2200000.00,2200000.00,'2025-11-01 10:49:54.758',NULL),(185,50,4,1,2200000.00,2200000.00,'2025-11-01 10:49:54.758',NULL),(186,51,4,1,10500000.00,10500000.00,'2025-11-01 10:49:54.758',NULL),(187,51,5,1,10500000.00,10500000.00,'2025-11-01 10:49:54.758',NULL),(188,52,5,1,10500000.00,10500000.00,'2025-11-01 10:49:54.758',NULL),(189,52,6,1,10500000.00,10500000.00,'2025-11-01 10:49:54.758',NULL),(190,53,6,1,30.00,30.00,'2025-11-01 10:49:54.758',NULL),(191,53,7,1,30.00,30.00,'2025-11-01 10:49:54.758',NULL),(192,54,7,1,20.00,20.00,'2025-11-01 10:49:54.758',NULL),(193,54,8,1,20.00,20.00,'2025-11-01 10:49:54.758',NULL),(194,55,8,1,6507.00,6507.00,'2025-11-01 10:49:54.758',NULL),(195,55,9,1,6507.00,6507.00,'2025-11-01 10:49:54.758',NULL),(196,56,9,1,5.00,5.00,'2025-11-01 10:49:54.758',NULL),(197,57,10,1,1840.33,1840.33,'2025-11-01 10:49:54.758',NULL),(198,57,11,1,1840.33,1840.33,'2025-11-01 10:49:54.758',NULL),(199,58,11,1,21.67,21.67,'2025-11-01 10:49:54.758',NULL),(200,58,12,1,21.67,21.67,'2025-11-01 10:49:54.758',NULL),(201,59,12,1,6.01,6.01,'2025-11-01 10:49:54.758',NULL),(202,59,13,1,6.01,6.01,'2025-11-01 10:49:54.758',NULL),(203,60,3,31,5.00,155.00,'2025-11-01 13:19:10.094',NULL),(204,60,4,31,6.00,186.00,'2025-11-01 13:19:10.094',NULL),(205,60,2,31,7.00,217.00,'2025-11-01 13:19:10.094',NULL),(206,60,10,41,3.00,123.16,'2025-11-01 13:19:46.396',NULL);
/*!40000 ALTER TABLE `invoice_items` ENABLE KEYS */;
UNLOCK TABLES;

--
-- Table structure for table `invoices`
--

DROP TABLE IF EXISTS `invoices`;
/*!40101 SET @saved_cs_client     = @@character_set_client */;
/*!50503 SET character_set_client = utf8mb4 */;
CREATE TABLE `invoices` (
  `id` bigint unsigned NOT NULL AUTO_INCREMENT,
  `invoice_number` varchar(20) COLLATE utf8mb4_unicode_ci NOT NULL,
  `issue_date` datetime(3) DEFAULT NULL,
  `due_date` datetime(3) DEFAULT NULL,
  `subject` varchar(255) COLLATE utf8mb4_unicode_ci DEFAULT NULL,
  `customer_id` bigint unsigned DEFAULT NULL,
  `total_items` bigint DEFAULT NULL,
  `subtotal` decimal(12,2) DEFAULT NULL,
  `tax` decimal(12,2) DEFAULT NULL,
  `total_amount` decimal(12,2) DEFAULT NULL,
  `status` enum('paid','unpaid') COLLATE utf8mb4_unicode_ci DEFAULT 'unpaid',
  `created_at` datetime(3) DEFAULT NULL,
  `updated_at` datetime(3) DEFAULT NULL,
  `deleted_at` datetime(3) DEFAULT NULL,
  PRIMARY KEY (`id`),
  UNIQUE KEY `idx_invoices_invoice_number` (`invoice_number`),
  KEY `idx_invoices_deleted_at` (`deleted_at`),
  KEY `fk_customers_invoices` (`customer_id`),
  CONSTRAINT `fk_customers_invoices` FOREIGN KEY (`customer_id`) REFERENCES `customers` (`id`)
) ENGINE=InnoDB AUTO_INCREMENT=61 DEFAULT CHARSET=utf8mb4 COLLATE=utf8mb4_unicode_ci;
/*!40101 SET character_set_client = @saved_cs_client */;

--
-- Dumping data for table `invoices`
--

LOCK TABLES `invoices` WRITE;
/*!40000 ALTER TABLE `invoices` DISABLE KEYS */;
INSERT INTO `invoices` VALUES (26,'001','2025-10-01 23:13:37.228','2025-10-15 23:13:37.228','Website Development Project',1,2,4500000.00,450000.00,4950000.00,'paid','2025-10-01 23:13:37.228','2025-10-16 23:13:37.228',NULL),(27,'002','2025-10-03 23:13:37.228','2025-10-17 23:13:37.228','Mobile App Development',1,3,7500000.00,750000.00,8250000.00,'paid','2025-10-03 23:13:37.228','2025-10-18 23:13:37.228',NULL),(28,'003','2025-10-06 23:13:37.228','2025-10-20 23:13:37.228','E-commerce Platform Setup',10,4,12000000.00,1200000.00,13200000.00,'unpaid','2025-10-06 23:13:37.228','2025-10-06 23:13:37.228',NULL),(29,'004','2025-10-09 23:13:37.228','2025-10-23 23:13:37.228','Database Migration Services',1,1,3000000.00,300000.00,3300000.00,'paid','2025-10-09 23:13:37.228','2025-10-24 23:13:37.228',NULL),(30,'005','2025-10-11 23:13:37.228','2025-10-25 23:13:37.228','API Development & Integration',10,2,5500000.00,550000.00,6050000.00,'unpaid','2025-10-11 23:13:37.228','2025-10-11 23:13:37.228',NULL),(31,'006','2025-10-13 23:13:37.228','2025-10-27 23:13:37.228','UI/UX Design Services',1,3,4200000.00,420000.00,4620000.00,'paid','2025-10-13 23:13:37.228','2025-10-28 23:13:37.228',NULL),(32,'007','2025-10-16 23:13:37.228','2025-10-30 23:13:37.228','Cloud Infrastructure Setup',10,2,6800000.00,680000.00,7480000.00,'unpaid','2025-10-16 23:13:37.228','2025-10-16 23:13:37.228',NULL),(33,'008','2025-10-19 23:13:37.228','2025-11-02 23:13:37.228','SEO Optimization Package',1,1,2500000.00,250000.00,2750000.00,'paid','2025-10-19 23:13:37.228','2025-10-19 23:13:37.228',NULL),(34,'009','2025-10-21 23:13:37.228','2025-11-04 23:13:37.228','Content Management System',10,3,8200000.00,820000.00,9020000.00,'paid','2025-10-21 23:13:37.228','2025-10-21 23:13:37.228',NULL),(35,'010','2025-10-23 23:13:37.228','2025-11-06 23:13:37.228','Security Audit & Penetration Testing',1,2,9500000.00,950000.00,10450000.00,'paid','2025-10-23 23:13:37.228','2025-10-23 23:13:37.228',NULL),(36,'011','2025-10-25 23:13:37.228','2025-11-08 23:13:37.228','Data Analytics Dashboard',10,4,11200000.00,1120000.00,12320000.00,'paid','2025-10-25 23:13:37.228','2025-10-25 23:13:37.228',NULL),(37,'012','2025-10-27 23:13:37.228','2025-11-10 23:13:37.228','DevOps Implementation',1,2,6700000.00,670000.00,7370000.00,'paid','2025-10-27 23:13:37.228','2025-10-27 23:13:37.228',NULL),(38,'013','2025-10-29 23:13:37.228','2025-11-12 23:13:37.228','Progressive Web App Development',10,3,8900000.00,890000.00,9790000.00,'paid','2025-10-29 23:13:37.228','2025-10-29 23:13:37.228',NULL),(39,'014','2025-10-31 23:13:37.228','2025-11-14 23:13:37.228','Machine Learning Model Development',1,2,15000000.00,1500000.00,16500000.00,'paid','2025-10-31 23:13:37.228','2025-10-31 23:13:37.228',NULL),(40,'015','2025-09-26 23:13:37.228','2025-10-10 23:13:37.228','Legacy System Modernization',10,5,22000000.00,2200000.00,24200000.00,'paid','2025-09-26 23:13:37.228','2025-10-11 23:13:37.228',NULL),(41,'016','2025-09-29 23:13:37.228','2025-10-13 23:13:37.228','Blockchain Integration Services',1,3,18500000.00,1850000.00,20350000.00,'paid','2025-09-29 23:13:37.228','2025-10-14 23:13:37.228',NULL),(42,'017','2025-10-02 23:13:37.228','2025-10-16 23:13:37.228','IoT Platform Development',10,4,13800000.00,1380000.00,15180000.00,'unpaid','2025-10-02 23:13:37.228','2025-10-02 23:13:37.228',NULL),(43,'018','2025-10-05 23:13:37.228','2025-10-19 23:13:37.228','Microservices Architecture',1,3,10500000.00,1050000.00,11550000.00,'paid','2025-10-05 23:13:37.228','2025-10-20 23:13:37.228',NULL),(44,'019','2025-10-08 23:13:37.228','2025-10-22 23:13:37.228','Performance Optimization',10,2,4800000.00,480000.00,5280000.00,'unpaid','2025-10-08 23:13:37.228','2025-10-08 23:13:37.228',NULL),(45,'020','2025-10-12 23:13:37.228','2025-10-26 23:13:37.228','Quality Assurance Testing',1,2,3600000.00,360000.00,3960000.00,'paid','2025-10-12 23:13:37.228','2025-10-27 23:13:37.228',NULL),(46,'021','2025-10-15 23:13:37.228','2025-10-29 23:13:37.228','Digital Marketing Automation',10,3,7200000.00,720000.00,7920000.00,'unpaid','2025-10-15 23:13:37.228','2025-10-15 23:13:37.228',NULL),(47,'022','2025-10-18 23:13:37.228','2025-11-01 23:13:37.228','Real-time Chat System',1,2,5800000.00,580000.00,6380000.00,'paid','2025-10-18 23:13:37.228','2025-10-18 23:13:37.228',NULL),(48,'023','2025-10-20 23:13:37.228','2025-11-03 23:13:37.228','Video Streaming Platform',10,4,16800000.00,1680000.00,18480000.00,'paid','2025-10-20 23:13:37.228','2025-10-20 23:13:37.228',NULL),(49,'024','2025-10-22 23:13:37.228','2025-11-05 23:13:37.228','Document Management System',1,3,9200000.00,920000.00,10120000.00,'paid','2025-10-22 23:13:37.228','2025-10-22 23:13:37.228',NULL),(50,'025','2025-10-24 23:13:37.228','2025-11-07 23:13:37.228','Payment Gateway Integration',10,2,4400000.00,440000.00,4840000.00,'paid','2025-10-24 23:13:37.228','2025-10-24 23:13:37.228',NULL),(51,'026','2025-10-30 07:00:00.000','2025-11-15 07:00:00.000','Website Development Services',1,2,21000000.00,2100000.00,23100000.00,'unpaid','2025-10-31 23:14:21.394','2025-10-31 23:14:21.394',NULL),(52,'027','2025-10-30 07:00:00.000','2025-11-15 07:00:00.000','Hai',1,2,21000000.00,2100000.00,23100000.00,'unpaid','2025-10-31 23:15:06.435','2025-10-31 23:15:06.435',NULL),(53,'028','2025-10-25 07:00:00.000','2025-10-29 07:00:00.000','Test Mantap',4,2,60.00,6.00,66.00,'unpaid','2025-10-31 23:26:11.637','2025-10-31 23:55:03.657',NULL),(54,'029','2025-10-29 07:00:00.000','2025-11-08 07:00:00.000','Mantap',2,3,60.00,6.00,66.00,'unpaid','2025-10-31 23:50:26.262','2025-10-31 23:54:14.311',NULL),(55,'030','2025-10-30 07:00:00.000','2025-11-30 07:00:00.000','Createa Invoices Updated',1,2,13014.00,1301.40,14315.40,'unpaid','2025-11-01 07:35:00.393','2025-11-01 07:56:09.785',NULL),(56,'031','2025-11-28 07:00:00.000','2025-11-12 07:00:00.000','fafwafwa',3,1,5.00,0.50,5.50,'unpaid','2025-11-01 07:56:27.338','2025-11-01 07:56:27.338',NULL),(57,'032','2025-11-28 07:00:00.000','2025-11-20 07:00:00.000','gsgesges',3,3,5521.00,552.10,6073.10,'unpaid','2025-11-01 07:59:10.354','2025-11-01 07:59:10.354',NULL),(58,'033','2025-11-14 07:00:00.000','2025-11-10 07:00:00.000','Oke Updated',2,3,65.00,6.50,71.50,'unpaid','2025-11-01 08:23:18.650','2025-11-01 08:23:33.226',NULL),(59,'034','2025-11-27 07:00:00.000','2025-11-26 07:00:00.000','yyy',17,2,12.01,1.20,13.21,'unpaid','2025-11-01 09:55:46.901','2025-11-01 09:55:46.901',NULL),(60,'035','2025-11-20 07:00:00.000','2025-12-02 07:00:00.000','OKE Mantap',4,4,681.16,68.12,749.28,'unpaid','2025-11-01 13:19:10.094','2025-11-01 13:19:46.397',NULL);
/*!40000 ALTER TABLE `invoices` ENABLE KEYS */;
UNLOCK TABLES;

--
-- Table structure for table `items`
--

DROP TABLE IF EXISTS `items`;
/*!40101 SET @saved_cs_client     = @@character_set_client */;
/*!50503 SET character_set_client = utf8mb4 */;
CREATE TABLE `items` (
  `id` bigint unsigned NOT NULL AUTO_INCREMENT,
  `name` varchar(255) COLLATE utf8mb4_unicode_ci NOT NULL,
  `type` varchar(255) COLLATE utf8mb4_unicode_ci DEFAULT NULL,
  `is_active` tinyint(1) DEFAULT '1',
  `created_at` datetime(3) DEFAULT NULL,
  `updated_at` datetime(3) DEFAULT NULL,
  `deleted_at` datetime(3) DEFAULT NULL,
  PRIMARY KEY (`id`),
  KEY `idx_items_deleted_at` (`deleted_at`)
) ENGINE=InnoDB AUTO_INCREMENT=24 DEFAULT CHARSET=utf8mb4 COLLATE=utf8mb4_unicode_ci;
/*!40101 SET character_set_client = @saved_cs_client */;

--
-- Dumping data for table `items`
--

LOCK TABLES `items` WRITE;
/*!40000 ALTER TABLE `items` DISABLE KEYS */;
INSERT INTO `items` VALUES (1,'Website Development','Service',1,'2025-10-31 19:05:41.746','2025-10-31 19:05:41.746',NULL),(2,'Mobile App Development','Service',1,'2025-10-31 19:05:41.746','2025-10-31 19:05:41.746',NULL),(3,'Logo Design','Service',1,'2025-10-31 19:05:41.746','2025-10-31 19:05:41.746',NULL),(4,'UI/UX Design','Service',1,'2025-10-31 19:05:41.746','2025-10-31 19:05:41.746',NULL),(5,'Database Design','Service',1,'2025-10-31 19:05:41.746','2025-10-31 19:05:41.746',NULL),(6,'API Development','Service',1,'2025-10-31 19:05:41.746','2025-10-31 19:05:41.746',NULL),(7,'Consultation Hours','Service',1,'2025-10-31 19:05:41.746','2025-10-31 19:05:41.746',NULL),(8,'Project Management','Service',1,'2025-10-31 19:05:41.746','2025-10-31 19:05:41.746',NULL),(9,'Quality Assurance Testing','Service',1,'2025-10-31 19:05:41.746','2025-10-31 19:05:41.746',NULL),(10,'DevOps Setup','Service',1,'2025-10-31 19:05:41.746','2025-10-31 19:05:41.746',NULL),(11,'Cloud Migration','Service',1,'2025-10-31 19:05:41.746','2025-10-31 19:05:41.746',NULL),(12,'Security Audit','Service',1,'2025-10-31 19:05:41.746','2025-10-31 19:05:41.746',NULL),(13,'Performance Optimization','Service',1,'2025-10-31 19:05:41.746','2025-10-31 19:05:41.746',NULL),(14,'Code Review','Service',1,'2025-10-31 19:05:41.746','2025-10-31 19:05:41.746',NULL),(15,'Technical Documentation','Service',1,'2025-10-31 19:05:41.746','2025-10-31 19:05:41.746',NULL),(16,'Software License','Product',1,'2025-10-31 19:05:41.746','2025-10-31 19:05:41.746',NULL),(17,'Server Hosting','Product',1,'2025-10-31 19:05:41.746','2025-10-31 19:05:41.746',NULL),(18,'SSL Certificate','Product',1,'2025-10-31 19:05:41.746','2025-10-31 19:05:41.746',NULL),(19,'Domain Registration','Product',1,'2025-10-31 19:05:41.746','2025-10-31 19:05:41.746',NULL),(20,'Backup Storage','Product',1,'2025-10-31 19:05:41.746','2025-10-31 19:05:41.746',NULL),(21,'New Item','service',1,'2025-11-01 10:12:49.382','2025-11-01 10:12:49.382',NULL),(22,'fafawf','fawfawfwa',1,'2025-11-01 10:32:14.512','2025-11-01 10:32:14.512',NULL),(23,'fafawfaw','fawfawfaw',1,'2025-11-01 13:18:26.559','2025-11-01 13:18:26.559',NULL);
/*!40000 ALTER TABLE `items` ENABLE KEYS */;
UNLOCK TABLES;
/*!40103 SET TIME_ZONE=@OLD_TIME_ZONE */;

/*!40101 SET SQL_MODE=@OLD_SQL_MODE */;
/*!40014 SET FOREIGN_KEY_CHECKS=@OLD_FOREIGN_KEY_CHECKS */;
/*!40014 SET UNIQUE_CHECKS=@OLD_UNIQUE_CHECKS */;
/*!40101 SET CHARACTER_SET_CLIENT=@OLD_CHARACTER_SET_CLIENT */;
/*!40101 SET CHARACTER_SET_RESULTS=@OLD_CHARACTER_SET_RESULTS */;
/*!40101 SET COLLATION_CONNECTION=@OLD_COLLATION_CONNECTION */;
/*!40111 SET SQL_NOTES=@OLD_SQL_NOTES */;

-- Dump completed on 2025-11-01 13:20:25
